{
    "accuracy": 0.9565217391304348,
    "precision": 0.9056603773584906,
    "recall": 0.7164179104477612,
    "auc": 0.9343129712263424
}
