{
    "accuracy": 0.9633475870494808,
    "precision": 1.0,
    "recall": 0.7297297297297297,
    "auc": 0.9773660586381434
}
