{
    "accuracy": 0.9645776566757494,
    "precision": 0.9915966386554622,
    "recall": 0.7564102564102564,
    "auc": 0.9801655134988467
}
